{"cameraMode":{"drawMode":0,"name":"Shaded","section":"Shading Mode"},"sceneLighting":true,"audioPlay":false,"sceneViewState":{"showFog":false,"showMaterialUpdate":false,"showSkybox":false,"showFlares":false,"showImageEffects":false,"showParticleSystems":true},"in2DMode":false,"pivot":{"x":95.5,"y":16.283206939697267,"z":97.39854431152344},"rotation":{"x":0.06904275715351105,"y":0.9301204085350037,"z":-0.23384694755077363,"w":0.2746412754058838},"size":400.0581970214844,"orthographic":false}