{"cameraMode":{"drawMode":0,"name":"Shaded","section":"Shading Mode"},"sceneLighting":false,"audioPlay":false,"sceneViewState":{"showFog":false,"showMaterialUpdate":false,"showSkybox":false,"showFlares":false,"showImageEffects":false,"showParticleSystems":true},"in2DMode":false,"pivot":{"x":-0.001965463161468506,"y":1.2577407360076905,"z":0.0},"rotation":{"x":-0.0094204256311059,"y":0.9661656618118286,"z":-0.25527265667915347,"w":-0.03565279766917229},"size":4.881635665893555,"orthographic":false}